{"cameraMode":{"drawMode":0,"name":"Shaded","section":"Shading Mode"},"sceneLighting":false,"audioPlay":false,"sceneViewState":{"showFog":true,"showMaterialUpdate":false,"showSkybox":true,"showFlares":true,"showImageEffects":true,"showParticleSystems":true},"in2DMode":false,"pivot":{"x":-0.0026634037494659425,"y":0.0012631341814994813,"z":-0.08237573504447937},"rotation":{"x":-0.0006365797016769648,"y":0.9990963935852051,"z":-0.03929458186030388,"w":-0.016186250373721124},"size":0.5033155083656311,"orthographic":false}