{"cameraMode":{"drawMode":0,"name":"Shaded","section":"Shading Mode"},"sceneLighting":false,"audioPlay":false,"sceneViewState":{"showFog":true,"showMaterialUpdate":false,"showSkybox":true,"showFlares":true,"showImageEffects":true,"showParticleSystems":true},"in2DMode":false,"pivot":{"x":-2.885854721069336,"y":1.2654799222946168,"z":-1.5445080995559693},"rotation":{"x":0.0960814505815506,"y":-0.46931809186935427,"z":0.051459260284900668,"w":0.8762767314910889},"size":6.013381481170654,"orthographic":false}