{"cameraMode":{"drawMode":0,"name":"Shaded","section":"Shading Mode"},"sceneLighting":true,"audioPlay":false,"sceneViewState":{"showFog":true,"showMaterialUpdate":false,"showSkybox":true,"showFlares":true,"showImageEffects":true,"showParticleSystems":true},"in2DMode":false,"pivot":{"x":2.7100000381469728,"y":1.2000000476837159,"z":1.7300000190734864},"rotation":{"x":0.16020342707633973,"y":0.18448369204998017,"z":-0.030493933707475663,"w":0.9692114591598511},"size":4.041658401489258,"orthographic":false}