{"cameraMode":{"drawMode":0,"name":"Shaded","section":"Shading Mode"},"sceneLighting":true,"audioPlay":false,"sceneViewState":{"showFog":true,"showMaterialUpdate":false,"showSkybox":true,"showFlares":true,"showImageEffects":true,"showParticleSystems":true},"in2DMode":false,"pivot":{"x":-22.298696517944337,"y":-1.358107566833496,"z":4.164865016937256},"rotation":{"x":0.1920389086008072,"y":-0.1416546255350113,"z":0.02802390605211258,"w":0.9707058072090149},"size":10.106815338134766,"orthographic":false}