{"cameraMode":{"drawMode":0,"name":"Shaded","section":"Shading Mode"},"sceneLighting":false,"audioPlay":false,"sceneViewState":{"showFog":true,"showMaterialUpdate":false,"showSkybox":true,"showFlares":true,"showImageEffects":true,"showParticleSystems":true},"in2DMode":false,"pivot":{"x":742.1163330078125,"y":292.24249267578127,"z":-200.7391357421875},"rotation":{"x":0.0036573209799826147,"y":0.9938579797744751,"z":-0.1050514504313469,"w":0.034600887447595599},"size":587.2839965820313,"orthographic":false}