{"cameraMode":{"drawMode":0,"name":"Shaded","section":"Shading Mode"},"sceneLighting":true,"audioPlay":false,"sceneViewState":{"showFog":true,"showMaterialUpdate":false,"showSkybox":true,"showFlares":true,"showImageEffects":true,"showParticleSystems":true},"in2DMode":false,"pivot":{"x":1.0575754642486573,"y":0.8365252614021301,"z":1.2384819984436036},"rotation":{"x":0.010655859485268593,"y":0.9573816657066345,"z":0.03561973571777344,"w":-0.28642287850379946},"size":4.341658592224121,"orthographic":false}