{"cameraMode":{"drawMode":0,"name":"Shaded","section":"Shading Mode"},"sceneLighting":false,"audioPlay":false,"sceneViewState":{"showFog":true,"showMaterialUpdate":false,"showSkybox":true,"showFlares":true,"showImageEffects":true,"showParticleSystems":true},"in2DMode":false,"pivot":{"x":1.5562257766723633,"y":0.9332898855209351,"z":0.6454277038574219},"rotation":{"x":0.12261523306369782,"y":-0.7054228186607361,"z":0.12596940994262696,"w":0.6866409778594971},"size":31.258255004882814,"orthographic":false}