{"cameraMode":{"drawMode":0,"name":"Shaded","section":"Shading Mode"},"sceneLighting":false,"audioPlay":false,"sceneViewState":{"showFog":true,"showMaterialUpdate":false,"showSkybox":true,"showFlares":true,"showImageEffects":true,"showParticleSystems":true},"in2DMode":false,"pivot":{"x":231.68499755859376,"y":139.8249969482422,"z":0.0},"rotation":{"x":-0.06027214974164963,"y":-0.006891164463013411,"z":0.0004160029930062592,"w":-0.9981580972671509},"size":490.78448486328127,"orthographic":false}