{"cameraMode":{"drawMode":0,"name":"Shaded","section":"Shading Mode"},"sceneLighting":true,"audioPlay":false,"sceneViewState":{"showFog":true,"showMaterialUpdate":false,"showSkybox":true,"showFlares":true,"showImageEffects":true,"showParticleSystems":true},"in2DMode":false,"pivot":{"x":7.849795341491699,"y":0.5966020822525024,"z":11.358521461486817},"rotation":{"x":-0.16590659320354463,"y":-0.5131034255027771,"z":0.10182987153530121,"w":-0.8359609246253967},"size":3.837445020675659,"orthographic":false}