{"cameraMode":{"drawMode":0,"name":"Shaded","section":"Shading Mode"},"sceneLighting":false,"audioPlay":false,"sceneViewState":{"showFog":true,"showMaterialUpdate":false,"showSkybox":true,"showFlares":true,"showImageEffects":true,"showParticleSystems":true},"in2DMode":false,"pivot":{"x":315.1190490722656,"y":154.54843139648438,"z":1.1001718044281006},"rotation":{"x":-0.012914635241031647,"y":-0.015594415366649628,"z":0.00019996480841655284,"w":-0.9997949600219727},"size":2.033452272415161,"orthographic":false}