{"cameraMode":{"drawMode":0,"name":"Shaded","section":"Shading Mode"},"sceneLighting":false,"audioPlay":false,"sceneViewState":{"showFog":true,"showMaterialUpdate":false,"showSkybox":true,"showFlares":true,"showImageEffects":true,"showParticleSystems":true},"in2DMode":false,"pivot":{"x":-0.48883137106895449,"y":0.5741335153579712,"z":2.334939956665039},"rotation":{"x":-0.08223025500774384,"y":0.06751258671283722,"z":-0.005584044381976128,"w":-0.994308352470398},"size":5.05031681060791,"orthographic":false}