{"cameraMode":{"drawMode":0,"name":"Shaded","section":"Shading Mode"},"sceneLighting":false,"audioPlay":false,"sceneViewState":{"showFog":true,"showMaterialUpdate":false,"showSkybox":true,"showFlares":true,"showImageEffects":true,"showParticleSystems":true},"in2DMode":false,"pivot":{"x":124.9278793334961,"y":266.594970703125,"z":44.98023986816406},"rotation":{"x":0.02307182364165783,"y":0.029990632086992265,"z":0.0006908874493092299,"w":-0.9992836117744446},"size":263.066650390625,"orthographic":false}