{"cameraMode":{"drawMode":0,"name":"Shaded","section":"Shading Mode"},"sceneLighting":false,"audioPlay":false,"sceneViewState":{"showFog":true,"showMaterialUpdate":false,"showSkybox":true,"showFlares":true,"showImageEffects":true,"showParticleSystems":true},"in2DMode":false,"pivot":{"x":-1.895297884941101,"y":-0.2107878178358078,"z":1.758400797843933},"rotation":{"x":-0.09438777714967728,"y":0.17408567667007447,"z":-0.016766544431447984,"w":-0.9800531268119812},"size":4.750316619873047,"orthographic":false}