{"cameraMode":{"drawMode":0,"name":"Shaded","section":"Shading Mode"},"sceneLighting":false,"audioPlay":false,"sceneViewState":{"showFog":true,"showMaterialUpdate":false,"showSkybox":true,"showFlares":true,"showImageEffects":true,"showParticleSystems":true},"in2DMode":false,"pivot":{"x":-0.0888676643371582,"y":0.7799999713897705,"z":-0.11315107345581055},"rotation":{"x":0.0104195736348629,"y":0.13398848474025727,"z":-0.001408054493367672,"w":0.9909271597862244},"size":16.10059356689453,"orthographic":false}