{"cameraMode":{"drawMode":0,"name":"Shaded","section":"Shading Mode"},"sceneLighting":false,"audioPlay":false,"sceneViewState":{"showFog":true,"showMaterialUpdate":false,"showSkybox":true,"showFlares":true,"showImageEffects":true,"showParticleSystems":true},"in2DMode":false,"pivot":{"x":0.7613763809204102,"y":-1.192465901374817,"z":1.096798062324524},"rotation":{"x":-0.13462470471858979,"y":-0.7334064245223999,"z":0.1521981805562973,"w":-0.6487118005752564},"size":5.3374457359313969,"orthographic":false}