{"cameraMode":{"drawMode":0,"name":"Shaded","section":"Shading Mode"},"sceneLighting":true,"audioPlay":false,"sceneViewState":{"showFog":true,"showMaterialUpdate":false,"showSkybox":true,"showFlares":true,"showImageEffects":true,"showParticleSystems":true},"in2DMode":false,"pivot":{"x":4.32635498046875,"y":1.1095727682113648,"z":10.028278350830079},"rotation":{"x":-0.11966464668512345,"y":0.2889343798160553,"z":-0.03642938658595085,"w":-0.9491418600082398},"size":3.837445020675659,"orthographic":false}