{"cameraMode":{"drawMode":0,"name":"Shaded","section":"Shading Mode"},"sceneLighting":false,"audioPlay":false,"sceneViewState":{"showFog":true,"showMaterialUpdate":false,"showSkybox":true,"showFlares":true,"showImageEffects":true,"showParticleSystems":true},"in2DMode":false,"pivot":{"x":298.67236328125,"y":242.6103515625,"z":8.758062362670899},"rotation":{"x":-0.04140472412109375,"y":-0.0005958888796158135,"z":0.000023219197828439064,"w":-0.9991422891616821},"size":143.8253631591797,"orthographic":false}