{"cameraMode":{"drawMode":0,"name":"Shaded","section":"Shading Mode"},"sceneLighting":true,"audioPlay":false,"sceneViewState":{"showFog":true,"showMaterialUpdate":false,"showSkybox":true,"showFlares":true,"showImageEffects":true,"showParticleSystems":true},"in2DMode":false,"pivot":{"x":13.985854148864746,"y":2.285033941268921,"z":5.274141311645508},"rotation":{"x":0.04701597988605499,"y":0.5936886668205261,"z":-0.0347784161567688,"w":0.8025669455528259},"size":24.893653869628908,"orthographic":false}