{"cameraMode":{"drawMode":0,"name":"Shaded","section":"Shading Mode"},"sceneLighting":false,"audioPlay":false,"sceneViewState":{"showFog":true,"showMaterialUpdate":false,"showSkybox":true,"showFlares":true,"showImageEffects":true,"showParticleSystems":true},"in2DMode":false,"pivot":{"x":0.1717441827058792,"y":1.5222742557525635,"z":-2.361443519592285},"rotation":{"x":-0.06073348596692085,"y":0.06882059574127197,"z":-0.004198835697025061,"w":-0.9957698583602905},"size":0.8250000476837158,"orthographic":false}