{"cameraMode":{"drawMode":0,"name":"Shaded","section":"Shading Mode"},"sceneLighting":false,"audioPlay":false,"sceneViewState":{"showFog":true,"showMaterialUpdate":false,"showSkybox":true,"showFlares":true,"showImageEffects":true,"showParticleSystems":true},"in2DMode":false,"pivot":{"x":3.390000104904175,"y":0.6899999976158142,"z":2.9600000381469728},"rotation":{"x":-0.12186648696660996,"y":0.654138445854187,"z":-0.10792405158281326,"w":-0.7386500239372253},"size":3.850316047668457,"orthographic":false}