{"cameraMode":{"drawMode":0,"name":"Shaded","section":"Shading Mode"},"sceneLighting":false,"audioPlay":false,"sceneViewState":{"showFog":true,"showMaterialUpdate":false,"showSkybox":true,"showFlares":true,"showImageEffects":true,"showParticleSystems":true},"in2DMode":false,"pivot":{"x":-0.49625182151794436,"y":0.7578244209289551,"z":2.2228362560272219},"rotation":{"x":-0.15209408104419709,"y":0.3032938539981842,"z":-0.04910577833652496,"w":-0.9393981695175171},"size":5.650317192077637,"orthographic":false}