{"cameraMode":{"drawMode":0,"name":"Shaded","section":"Shading Mode"},"sceneLighting":false,"audioPlay":false,"sceneViewState":{"showFog":true,"showMaterialUpdate":false,"showSkybox":true,"showFlares":true,"showImageEffects":true,"showParticleSystems":true},"in2DMode":false,"pivot":{"x":315.0873718261719,"y":154.90882873535157,"z":-1.015446662902832},"rotation":{"x":-0.06685720384120941,"y":0.01646602712571621,"z":-0.0011048034066334367,"w":-0.9976260662078857},"size":1.1334524154663087,"orthographic":false}