{"cameraMode":{"drawMode":0,"name":"Shaded","section":"Shading Mode"},"sceneLighting":false,"audioPlay":false,"sceneViewState":{"showFog":true,"showMaterialUpdate":false,"showSkybox":true,"showFlares":true,"showImageEffects":true,"showParticleSystems":true},"in2DMode":false,"pivot":{"x":161.6207733154297,"y":238.11427307128907,"z":6.858667373657227},"rotation":{"x":-0.08023671060800553,"y":-0.04782358556985855,"z":0.003852534107863903,"w":-0.9956204891204834},"size":211.95565795898438,"orthographic":false}